{
  "best_iteration": 55,
  "priors": {
    "1": 0.33618233618233617,
    "2": 0.5584045584045584,
    "3": 0.10541310541310542
  },
  "tau": 0.0,
  "temperature": 0.8,
  "t3": 0.44999999999999996,
  "class_order": [
    1,
    2,
    3
  ],
  "strength_stats": {
    "物联网工程": {
      "public": [
        86.02626641651031,
        3.6730515389305167
      ],
      "political": [
        86.1030487804878,
        2.536617233652182
      ],
      "english": [
        80.33565621370501,
        5.601895982059555
      ],
      "math_science": [
        79.31984478935699,
        7.42435391337364
      ],
      "basic_subject": [
        81.23441734417345,
        5.708010979633919
      ],
      "basic_major": [
        81.79129360913862,
        5.559780767051801
      ],
      "major": [
        84.83460696216868,
        5.624353676428644
      ],
      "practice": [
        86.71469086783893,
        3.7429979060050473
      ],
      "innovation": [
        84.18763457728308,
        3.248101833158533
      ]
    },
    "电信工程及管理": {
      "public": [
        84.2491939198526,
        4.453703752252763
      ],
      "political": [
        86.35729790419163,
        2.804740764115697
      ],
      "english": [
        78.20778443113772,
        6.514428354259872
      ],
      "math_science": [
        79.88720337103571,
        8.178437857991039
      ],
      "basic_subject": [
        82.02217786648924,
        7.292749731301277
      ],
      "basic_major": [
        80.62880105742926,
        6.155118272548435
      ],
      "major": [
        78.63682733176847,
        7.61373410507318
      ],
      "practice": [
        85.61411291130113,
        4.082752620601671
      ],
      "innovation": [
        81.69006431581282,
        5.809751444581969
      ]
    },
    "电子商务及法律": {
      "public": [
        84.7918552036199,
        3.7484212223750437
      ],
      "political": [
        85.76084558823528,
        2.6699039066037815
      ],
      "english": [
        80.3949579831933,
        5.570447888684171
      ],
      "math_science": [
        76.23494397759103,
        8.960594049457269
      ],
      "basic_subject": [
        82.41506630675103,
        6.034299045380658
      ],
      "basic_major": [
        80.9562588573417,
        1e-06
      ],
      "major": [
        84.13713151488088,
        5.105128731951286
      ],
      "practice": [
        84.80931372549017,
        5.006973982810664
      ],
      "innovation": [
        83.59220752415797,
        5.025806224346265
      ]
    },
    "_global_": {
      "public": [
        84.82204689896997,
        4.143366335953203
      ],
      "political": [
        86.12457264957264,
        2.7169474528845057
      ],
      "english": [
        79.34048297381631,
        6.140405395538642
      ],
      "math_science": [
        78.69331772479921,
        8.399991165101154
      ],
      "basic_subject": [
        81.95231535388756,
        6.609251767392124
      ],
      "basic_major": [
        80.99553919085157,
        5.045698290548678
      ],
      "major": [
        81.68312065476074,
        7.143527823218448
      ],
      "practice": [
        85.6373547217951,
        4.35426980203138
      ],
      "innovation": [
        82.82630183345319,
        5.204012346585702
      ]
    }
  },
  "impute_rules": {
    "major_from": {
      "basic_major": 0.5,
      "basic_subject": 0.3,
      "math_science": 0.2
    },
    "innovation_from": {
      "practice": 0.4,
      "major": 0.35,
      "basic_major": 0.15,
      "basic_subject": 0.1
    }
  },
  "clip_ranges": {
    "public": {
      "min": 69.6923076923077,
      "max": 93.15384615384616
    },
    "political": {
      "min": 77.875,
      "max": 93.48125
    },
    "english": {
      "min": 62.0,
      "max": 93.8
    },
    "math_science": {
      "min": 60.24,
      "max": 95.96428571428571
    },
    "basic_subject": {
      "min": 66.07407407407408,
      "max": 95.44444444444444
    },
    "basic_major": {
      "min": 68.0,
      "max": 92.37974683544304
    },
    "major": {
      "min": 62.275862068965516,
      "max": 93.83333333333333
    },
    "practice": {
      "min": 72.825,
      "max": 95.02173913043478
    },
    "innovation": {
      "min": 67.64444444444445,
      "max": 94.65333333333334
    }
  }
}